# t,event_type,packet_id
0,plantsend,0
0.0120418,controllerreceive,0
0.02,plantsend,1
0.020945,plantreceive,0
0.0303181,controllerreceive,1
0.0390807,plantreceive,1
0.04,plantsend,2
0.048234,controllerreceive,2
0.0570723,plantreceive,2
0.06,plantsend,3
0.0683034,controllerreceive,3
0.0770824,plantreceive,3
0.08,plantsend,4
0.0898572,controllerreceive,4
0.0985681,plantreceive,4
0.1,plantsend,5
0.109549,controllerreceive,5
0.11824,plantreceive,5
0.12,plantsend,6
0.130091,controllerreceive,6
0.138786,plantreceive,6
0.14,plantsend,7
0.148474,controllerreceive,7
0.157419,plantreceive,7
0.16,plantsend,8
0.169289,controllerreceive,8
0.178043,plantreceive,8
0.18,plantsend,9
0.189521,controllerreceive,9
0.198395,plantreceive,9
0.2,plantsend,10
0.214159,controllerreceive,10
0.22,plantsend,11
0.222935,plantreceive,10
0.228224,controllerreceive,11
0.237066,plantreceive,11
0.24,plantsend,12
0.250051,controllerreceive,12
0.258944,plantreceive,12
0.26,plantsend,13
0.268526,controllerreceive,13
0.27739,plantreceive,13
0.28,plantsend,14
0.289923,controllerreceive,14
0.298728,plantreceive,14
0.3,plantsend,15
0.307987,controllerreceive,15
0.316825,plantreceive,15
0.32,plantsend,16
0.329293,controllerreceive,16
0.33814,plantreceive,16
0.34,plantsend,17
0.34916,controllerreceive,17
0.357958,plantreceive,17
0.36,plantsend,18
0.369609,controllerreceive,18
0.378485,plantreceive,18
0.38,plantsend,19
0.391483,controllerreceive,19
0.4,plantsend,20
0.400318,plantreceive,19
0.407835,controllerreceive,20
0.416671,plantreceive,20
0.42,plantsend,21
0.428434,controllerreceive,21
0.437139,plantreceive,21
0.44,plantsend,22
0.448372,controllerreceive,22
0.457248,plantreceive,22
0.46,plantsend,23
0.469162,controllerreceive,23
0.478087,plantreceive,23
0.48,plantsend,24
0.488024,controllerreceive,24
0.497007,plantreceive,24
0.5,plantsend,25
0.507292,controllerreceive,25
0.516305,plantreceive,25
0.52,plantsend,26
0.527999,controllerreceive,26
0.536878,plantreceive,26
0.54,plantsend,27
0.548305,controllerreceive,27
0.557199,plantreceive,27
0.56,plantsend,28
0.568165,controllerreceive,28
0.577064,plantreceive,28
0.58,plantsend,29
0.58921,controllerreceive,29
0.598112,plantreceive,29
0.6,plantsend,30
0.60818,controllerreceive,30
0.615128,plantreceive,30
0.62,plantsend,31
0.628129,controllerreceive,31
0.637057,plantreceive,31
0.64,plantsend,32
0.648936,controllerreceive,32
0.657771,plantreceive,32
0.66,plantsend,33
0.669624,controllerreceive,33
0.678453,plantreceive,33
0.68,plantsend,34
0.688521,controllerreceive,34
0.697195,plantreceive,34
0.7,plantsend,35
0.708331,controllerreceive,35
0.717096,plantreceive,35
0.72,plantsend,36
0.727604,controllerreceive,36
0.736377,plantreceive,36
0.74,plantsend,37
0.74981,controllerreceive,37
0.758605,plantreceive,37
0.76,plantsend,38
0.768404,controllerreceive,38
0.775309,plantreceive,38
0.78,plantsend,39
0.78808,controllerreceive,39
0.796965,plantreceive,39
0.8,plantsend,40
0.8082,controllerreceive,40
0.817151,plantreceive,40
0.82,plantsend,41
0.828848,controllerreceive,41
0.837494,plantreceive,41
0.84,plantsend,42
0.849285,controllerreceive,42
0.856116,plantreceive,42
0.86,plantsend,43
0.868331,controllerreceive,43
0.877356,plantreceive,43
0.88,plantsend,44
0.888302,controllerreceive,44
0.897334,plantreceive,44
0.9,plantsend,45
0.912022,controllerreceive,45
0.92,plantsend,46
0.920932,plantreceive,45
0.932356,controllerreceive,46
0.94,plantsend,47
0.941265,plantreceive,46
0.948755,controllerreceive,47
0.957555,plantreceive,47
0.96,plantsend,48
0.968249,controllerreceive,48
0.977157,plantreceive,48
0.98,plantsend,49
0.988024,controllerreceive,49
0.996891,plantreceive,49
1,plantsend,50
1.00947,controllerreceive,50
1.01636,plantreceive,50
1.02,plantsend,51
1.02788,controllerreceive,51
1.03672,plantreceive,51
1.04,plantsend,52
1.04792,controllerreceive,52
1.05678,plantreceive,52
1.06,plantsend,53
1.06935,controllerreceive,53
1.07823,plantreceive,53
1.08,plantsend,54
1.08933,controllerreceive,54
1.09822,plantreceive,54
1.1,plantsend,55
1.10816,controllerreceive,55
1.11696,plantreceive,55
1.12,plantsend,56
1.12972,controllerreceive,56
1.13842,plantreceive,56
1.14,plantsend,57
1.14812,controllerreceive,57
1.15677,plantreceive,57
1.16,plantsend,58
1.16899,controllerreceive,58
1.17782,plantreceive,58
1.18,plantsend,59
1.18778,controllerreceive,59
1.19662,plantreceive,59
1.2,plantsend,60
1.20832,controllerreceive,60
1.21736,plantreceive,60
1.22,plantsend,61
1.22948,controllerreceive,61
1.23828,plantreceive,61
1.24,plantsend,62
1.2481,controllerreceive,62
1.25695,plantreceive,62
1.26,plantsend,63
1.26826,controllerreceive,63
1.27717,plantreceive,63
1.28,plantsend,64
1.28992,controllerreceive,64
1.29878,plantreceive,64
1.3,plantsend,65
1.30829,controllerreceive,65
1.31718,plantreceive,65
1.32,plantsend,66
1.32867,controllerreceive,66
1.33733,plantreceive,66
1.34,plantsend,67
1.34982,controllerreceive,67
1.3586,plantreceive,67
1.36,plantsend,68
1.36944,controllerreceive,68
1.37824,plantreceive,68
1.38,plantsend,69
1.38955,controllerreceive,69
1.39831,plantreceive,69
1.4,plantsend,70
1.40786,controllerreceive,70
1.41684,plantreceive,70
1.42,plantsend,71
1.42804,controllerreceive,71
1.43699,plantreceive,71
1.44,plantsend,72
1.44812,controllerreceive,72
1.45681,plantreceive,72
1.46,plantsend,73
1.46809,controllerreceive,73
1.47675,plantreceive,73
1.48,plantsend,74
1.48819,controllerreceive,74
1.49708,plantreceive,74
1.5,plantsend,75
1.51013,controllerreceive,75
1.51898,plantreceive,75
1.52,plantsend,76
1.5292,controllerreceive,76
1.53809,plantreceive,76
1.54,plantsend,77
1.54848,controllerreceive,77
1.55749,plantreceive,77
1.56,plantsend,78
1.56915,controllerreceive,78
1.57804,plantreceive,78
1.58,plantsend,79
1.5893,controllerreceive,79
1.598,plantreceive,79
1.6,plantsend,80
1.61396,controllerreceive,80
1.62,plantsend,81
1.62277,plantreceive,80
1.62802,controllerreceive,81
1.63701,plantreceive,81
1.64,plantsend,82
1.65033,controllerreceive,82
1.65921,plantreceive,82
1.66,plantsend,83
1.66993,controllerreceive,83
1.67858,plantreceive,83
1.68,plantsend,84
1.68832,controllerreceive,84
1.69724,plantreceive,84
1.7,plantsend,85
1.70823,controllerreceive,85
1.71709,plantreceive,85
1.72,plantsend,86
1.72785,controllerreceive,86
1.73659,plantreceive,86
1.74,plantsend,87
1.74976,controllerreceive,87
1.75862,plantreceive,87
1.76,plantsend,88
1.76878,controllerreceive,88
1.7777,plantreceive,88
1.78,plantsend,89
1.78778,controllerreceive,89
1.79669,plantreceive,89
1.8,plantsend,90
1.80911,controllerreceive,90
1.81779,plantreceive,90
1.82,plantsend,91
1.82826,controllerreceive,91
1.83713,plantreceive,91
1.84,plantsend,92
1.85021,controllerreceive,92
1.85894,plantreceive,92
1.86,plantsend,93
1.86816,controllerreceive,93
1.87714,plantreceive,93
1.88,plantsend,94
1.88991,controllerreceive,94
1.89879,plantreceive,94
1.9,plantsend,95
1.90935,controllerreceive,95
1.9182,plantreceive,95
1.92,plantsend,96
1.92969,controllerreceive,96
1.93858,plantreceive,96
1.94,plantsend,97
1.94953,controllerreceive,97
1.95845,plantreceive,97
1.96,plantsend,98
1.96915,controllerreceive,98
1.97789,plantreceive,98
1.98,plantsend,99
1.98983,controllerreceive,99
1.99867,plantreceive,99
2,plantsend,100
2.00791,controllerreceive,100
2.01673,plantreceive,100
2.02,plantsend,101
2.02967,controllerreceive,101
2.03861,plantreceive,101
2.04,plantsend,102
2.04802,controllerreceive,102
2.05696,plantreceive,102
2.06,plantsend,103
2.06855,controllerreceive,103
2.07739,plantreceive,103
2.08,plantsend,104
2.08782,controllerreceive,104
2.09663,plantreceive,104
2.1,plantsend,105
2.10819,controllerreceive,105
2.11702,plantreceive,105
2.12,plantsend,106
2.1295,controllerreceive,106
2.13825,plantreceive,106
2.14,plantsend,107
2.14959,controllerreceive,107
2.1585,plantreceive,107
2.16,plantsend,108
2.16952,controllerreceive,108
2.17852,plantreceive,108
2.18,plantsend,109
2.18751,controllerreceive,109
2.19629,plantreceive,109
2.2,plantsend,110
2.20954,controllerreceive,110
2.21856,plantreceive,110
2.22,plantsend,111
2.22982,controllerreceive,111
2.23855,plantreceive,111
2.24,plantsend,112
2.24827,controllerreceive,112
2.25718,plantreceive,112
2.26,plantsend,113
2.26985,controllerreceive,113
2.27871,plantreceive,113
2.28,plantsend,114
2.28976,controllerreceive,114
2.29869,plantreceive,114
2.3,plantsend,115
2.30981,controllerreceive,115
2.31864,plantreceive,115
2.32,plantsend,116
2.3293,controllerreceive,116
2.33821,plantreceive,116
2.34,plantsend,117
2.34843,controllerreceive,117
2.35732,plantreceive,117
2.36,plantsend,118
2.36823,controllerreceive,118
2.37714,plantreceive,118
2.38,plantsend,119
2.3883,controllerreceive,119
2.39717,plantreceive,119
2.4,plantsend,120
2.4091,controllerreceive,120
2.41799,plantreceive,120
2.42,plantsend,121
2.4293,controllerreceive,121
2.4383,plantreceive,121
2.44,plantsend,122
2.44927,controllerreceive,122
2.45824,plantreceive,122
2.46,plantsend,123
2.46829,controllerreceive,123
2.47713,plantreceive,123
2.48,plantsend,124
2.48829,controllerreceive,124
2.49721,plantreceive,124
2.5,plantsend,125
2.50976,controllerreceive,125
2.51854,plantreceive,125
2.52,plantsend,126
2.52847,controllerreceive,126
2.53745,plantreceive,126
2.54,plantsend,127
2.54914,controllerreceive,127
2.55796,plantreceive,127
2.56,plantsend,128
2.56784,controllerreceive,128
2.57675,plantreceive,128
2.58,plantsend,129
2.58944,controllerreceive,129
2.59822,plantreceive,129
2.6,plantsend,130
2.60755,controllerreceive,130
2.61444,plantreceive,130
2.62,plantsend,131
2.6282,controllerreceive,131
2.63711,plantreceive,131
2.64,plantsend,132
2.64964,controllerreceive,132
2.65852,plantreceive,132
2.66,plantsend,133
2.66959,controllerreceive,133
2.67858,plantreceive,133
2.68,plantsend,134
2.68907,controllerreceive,134
2.69783,plantreceive,134
2.7,plantsend,135
2.70986,controllerreceive,135
2.71865,plantreceive,135
2.72,plantsend,136
2.7282,controllerreceive,136
2.73706,plantreceive,136
2.74,plantsend,137
2.74987,controllerreceive,137
2.75886,plantreceive,137
2.76,plantsend,138
2.76833,controllerreceive,138
2.77717,plantreceive,138
2.78,plantsend,139
2.78826,controllerreceive,139
2.79711,plantreceive,139
2.8,plantsend,140
2.81003,controllerreceive,140
2.81877,plantreceive,140
2.82,plantsend,141
2.83015,controllerreceive,141
2.83919,plantreceive,141
2.84,plantsend,142
2.84824,controllerreceive,142
2.85719,plantreceive,142
2.86,plantsend,143
2.86797,controllerreceive,143
2.87676,plantreceive,143
2.88,plantsend,144
2.88888,controllerreceive,144
2.89769,plantreceive,144
2.9,plantsend,145
2.90925,controllerreceive,145
2.91799,plantreceive,145
2.92,plantsend,146
2.92838,controllerreceive,146
2.93715,plantreceive,146
2.94,plantsend,147
2.94956,controllerreceive,147
2.9584,plantreceive,147
2.96,plantsend,148
2.96994,controllerreceive,148
2.97879,plantreceive,148
2.98,plantsend,149
2.99,controllerreceive,149
2.99872,plantreceive,149
3,plantsend,150
3.00987,controllerreceive,150
3.01875,plantreceive,150
3.02,plantsend,151
3.0281,controllerreceive,151
3.03676,plantreceive,151
3.04,plantsend,152
3.04708,controllerreceive,152
3.056,plantreceive,152
3.06,plantsend,153
3.06984,controllerreceive,153
3.07875,plantreceive,153
3.08,plantsend,154
3.08823,controllerreceive,154
3.09707,plantreceive,154
3.1,plantsend,155
3.10929,controllerreceive,155
3.11814,plantreceive,155
3.12,plantsend,156
3.12835,controllerreceive,156
3.13726,plantreceive,156
3.14,plantsend,157
3.14803,controllerreceive,157
3.1569,plantreceive,157
3.16,plantsend,158
3.16835,controllerreceive,158
3.17728,plantreceive,158
3.18,plantsend,159
3.18825,controllerreceive,159
3.19728,plantreceive,159
3.2,plantsend,160
3.2091,controllerreceive,160
3.21795,plantreceive,160
3.22,plantsend,161
3.22772,controllerreceive,161
3.23642,plantreceive,161
3.24,plantsend,162
3.24816,controllerreceive,162
3.25703,plantreceive,162
3.26,plantsend,163
3.27217,controllerreceive,163
3.28,plantsend,164
3.28108,plantreceive,163
3.28838,controllerreceive,164
3.29718,plantreceive,164
3.3,plantsend,165
3.30821,controllerreceive,165
3.31699,plantreceive,165
3.32,plantsend,166
3.32997,controllerreceive,166
3.33899,plantreceive,166
3.34,plantsend,167
3.34948,controllerreceive,167
3.35817,plantreceive,167
3.36,plantsend,168
3.36924,controllerreceive,168
3.37795,plantreceive,168
3.38,plantsend,169
3.3896,controllerreceive,169
3.39837,plantreceive,169
3.4,plantsend,170
3.40839,controllerreceive,170
3.4173,plantreceive,170
3.42,plantsend,171
3.42836,controllerreceive,171
3.43721,plantreceive,171
3.44,plantsend,172
3.4481,controllerreceive,172
3.45692,plantreceive,172
3.46,plantsend,173
3.46875,controllerreceive,173
3.47746,plantreceive,173
3.48,plantsend,174
3.49039,controllerreceive,174
3.49918,plantreceive,174
3.5,plantsend,175
3.50943,controllerreceive,175
3.51811,plantreceive,175
3.52,plantsend,176
3.5282,controllerreceive,176
3.53714,plantreceive,176
3.54,plantsend,177
3.54755,controllerreceive,177
3.55648,plantreceive,177
3.56,plantsend,178
3.56819,controllerreceive,178
3.5769,plantreceive,178
3.58,plantsend,179
3.58757,controllerreceive,179
3.59647,plantreceive,179
3.6,plantsend,180
3.60824,controllerreceive,180
3.61692,plantreceive,180
3.62,plantsend,181
3.62805,controllerreceive,181
3.63672,plantreceive,181
3.64,plantsend,182
3.6503,controllerreceive,182
3.65931,plantreceive,182
3.66,plantsend,183
3.66837,controllerreceive,183
3.67713,plantreceive,183
3.68,plantsend,184
3.68781,controllerreceive,184
3.69651,plantreceive,184
3.7,plantsend,185
3.7098,controllerreceive,185
3.71869,plantreceive,185
3.72,plantsend,186
3.72822,controllerreceive,186
3.73696,plantreceive,186
3.74,plantsend,187
3.74997,controllerreceive,187
3.75903,plantreceive,187
3.76,plantsend,188
3.76961,controllerreceive,188
3.77852,plantreceive,188
3.78,plantsend,189
3.78841,controllerreceive,189
3.79733,plantreceive,189
3.8,plantsend,190
3.8083,controllerreceive,190
3.8171,plantreceive,190
3.82,plantsend,191
3.82765,controllerreceive,191
3.83648,plantreceive,191
3.84,plantsend,192
3.84821,controllerreceive,192
3.85698,plantreceive,192
3.86,plantsend,193
3.86816,controllerreceive,193
3.87698,plantreceive,193
3.88,plantsend,194
3.88728,controllerreceive,194
3.8963,plantreceive,194
3.9,plantsend,195
3.90774,controllerreceive,195
3.91659,plantreceive,195
3.92,plantsend,196
3.9282,controllerreceive,196
3.93709,plantreceive,196
3.94,plantsend,197
3.94977,controllerreceive,197
3.95865,plantreceive,197
3.96,plantsend,198
3.9697,controllerreceive,198
3.97848,plantreceive,198
3.98,plantsend,199
3.98938,controllerreceive,199
3.99812,plantreceive,199
4,plantsend,200
4.0094,controllerreceive,200
4.01833,plantreceive,200
4.02,plantsend,201
4.02935,controllerreceive,201
4.03814,plantreceive,201
4.04,plantsend,202
4.04964,controllerreceive,202
4.05845,plantreceive,202
4.06,plantsend,203
4.06759,controllerreceive,203
4.0764,plantreceive,203
4.08,plantsend,204
4.08936,controllerreceive,204
4.0982,plantreceive,204
4.1,plantsend,205
4.10816,controllerreceive,205
4.11694,plantreceive,205
4.12,plantsend,206
4.12771,controllerreceive,206
4.13666,plantreceive,206
4.14,plantsend,207
4.14974,controllerreceive,207
4.15858,plantreceive,207
4.16,plantsend,208
4.16833,controllerreceive,208
4.17729,plantreceive,208
4.18,plantsend,209
4.18899,controllerreceive,209
4.19767,plantreceive,209
4.2,plantsend,210
4.20853,controllerreceive,210
4.21736,plantreceive,210
4.22,plantsend,211
4.22975,controllerreceive,211
4.2384,plantreceive,211
4.24,plantsend,212
4.24865,controllerreceive,212
4.25744,plantreceive,212
4.26,plantsend,213
4.26881,controllerreceive,213
4.27767,plantreceive,213
4.28,plantsend,214
4.28833,controllerreceive,214
4.29731,plantreceive,214
4.3,plantsend,215
4.30843,controllerreceive,215
4.31735,plantreceive,215
4.32,plantsend,216
4.32836,controllerreceive,216
4.33724,plantreceive,216
4.34,plantsend,217
4.34927,controllerreceive,217
4.35813,plantreceive,217
4.36,plantsend,218
4.3683,controllerreceive,218
4.37696,plantreceive,218
4.38,plantsend,219
4.39197,controllerreceive,219
4.4,plantsend,220
4.4007,plantreceive,219
4.40902,controllerreceive,220
4.4159,plantreceive,220
4.42,plantsend,221
4.42889,controllerreceive,221
4.43762,plantreceive,221
4.44,plantsend,222
4.44818,controllerreceive,222
4.45505,plantreceive,222
4.46,plantsend,223
4.46817,controllerreceive,223
4.47696,plantreceive,223
4.48,plantsend,224
4.48786,controllerreceive,224
4.49674,plantreceive,224
4.5,plantsend,225
4.51024,controllerreceive,225
4.51906,plantreceive,225
4.52,plantsend,226
4.52987,controllerreceive,226
4.53876,plantreceive,226
4.54,plantsend,227
4.54903,controllerreceive,227
4.55588,plantreceive,227
4.56,plantsend,228
4.57028,controllerreceive,228
4.5792,plantreceive,228
4.58,plantsend,229
4.58887,controllerreceive,229
4.59761,plantreceive,229
4.6,plantsend,230
4.60976,controllerreceive,230
4.61862,plantreceive,230
4.62,plantsend,231
4.62944,controllerreceive,231
4.63819,plantreceive,231
4.64,plantsend,232
4.64839,controllerreceive,232
4.65709,plantreceive,232
4.66,plantsend,233
4.66956,controllerreceive,233
4.67846,plantreceive,233
4.68,plantsend,234
4.68822,controllerreceive,234
4.69712,plantreceive,234
4.7,plantsend,235
4.70926,controllerreceive,235
4.71816,plantreceive,235
4.72,plantsend,236
4.73029,controllerreceive,236
4.73913,plantreceive,236
4.74,plantsend,237
4.74874,controllerreceive,237
4.7576,plantreceive,237
4.76,plantsend,238
4.77002,controllerreceive,238
4.77874,plantreceive,238
4.78,plantsend,239
4.78826,controllerreceive,239
4.79717,plantreceive,239
4.8,plantsend,240
4.80775,controllerreceive,240
4.81653,plantreceive,240
4.82,plantsend,241
4.829,controllerreceive,241
4.83781,plantreceive,241
4.84,plantsend,242
4.84831,controllerreceive,242
4.85737,plantreceive,242
4.86,plantsend,243
4.86799,controllerreceive,243
4.87686,plantreceive,243
4.88,plantsend,244
4.88823,controllerreceive,244
4.89714,plantreceive,244
4.9,plantsend,245
4.90819,controllerreceive,245
4.91706,plantreceive,245
4.92,plantsend,246
4.92966,controllerreceive,246
4.93845,plantreceive,246
4.94,plantsend,247
4.9503,controllerreceive,247
4.95935,plantreceive,247
4.96,plantsend,248
4.96821,controllerreceive,248
4.97693,plantreceive,248
4.98,plantsend,249
4.98801,controllerreceive,249
4.9969,plantreceive,249
5,plantsend,250
5.00981,controllerreceive,250
5.01869,plantreceive,250
5.02,plantsend,251
5.02884,controllerreceive,251
5.03753,plantreceive,251
5.04,plantsend,252
5.04765,controllerreceive,252
5.05452,plantreceive,252
5.06,plantsend,253
5.06915,controllerreceive,253
5.07798,plantreceive,253
5.08,plantsend,254
5.08827,controllerreceive,254
5.09715,plantreceive,254
5.1,plantsend,255
5.10861,controllerreceive,255
5.11742,plantreceive,255
5.12,plantsend,256
5.13022,controllerreceive,256
5.13905,plantreceive,256
5.14,plantsend,257
5.14862,controllerreceive,257
5.15744,plantreceive,257
5.16,plantsend,258
5.16791,controllerreceive,258
5.17675,plantreceive,258
5.18,plantsend,259
5.1893,controllerreceive,259
5.1981,plantreceive,259
5.2,plantsend,260
5.20766,controllerreceive,260
5.2165,plantreceive,260
5.22,plantsend,261
5.22998,controllerreceive,261
5.23882,plantreceive,261
5.24,plantsend,262
5.24797,controllerreceive,262
5.25688,plantreceive,262
5.26,plantsend,263
5.26906,controllerreceive,263
5.27813,plantreceive,263
5.28,plantsend,264
5.28847,controllerreceive,264
5.29741,plantreceive,264
5.3,plantsend,265
5.30758,controllerreceive,265
5.31638,plantreceive,265
5.32,plantsend,266
5.3291,controllerreceive,266
5.33778,plantreceive,266
5.34,plantsend,267
5.34811,controllerreceive,267
5.35711,plantreceive,267
5.36,plantsend,268
5.36912,controllerreceive,268
5.37795,plantreceive,268
5.38,plantsend,269
5.38823,controllerreceive,269
5.39715,plantreceive,269
5.4,plantsend,270
5.40806,controllerreceive,270
5.41684,plantreceive,270
5.42,plantsend,271
5.42786,controllerreceive,271
5.43684,plantreceive,271
5.44,plantsend,272
5.4486,controllerreceive,272
5.45762,plantreceive,272
5.46,plantsend,273
5.46844,controllerreceive,273
5.47527,plantreceive,273
5.48,plantsend,274
5.48925,controllerreceive,274
5.49812,plantreceive,274
5.5,plantsend,275
5.50881,controllerreceive,275
5.51762,plantreceive,275
5.52,plantsend,276
5.52826,controllerreceive,276
5.53694,plantreceive,276
5.54,plantsend,277
5.54945,controllerreceive,277
5.55831,plantreceive,277
5.56,plantsend,278
5.56791,controllerreceive,278
5.57682,plantreceive,278
5.58,plantsend,279
5.58839,controllerreceive,279
5.59738,plantreceive,279
5.6,plantsend,280
5.6117,controllerreceive,280
5.62,plantsend,281
5.62043,plantreceive,280
5.62821,controllerreceive,281
5.63705,plantreceive,281
5.64,plantsend,282
5.6479,controllerreceive,282
5.6566,plantreceive,282
5.66,plantsend,283
5.66793,controllerreceive,283
5.67666,plantreceive,283
5.68,plantsend,284
5.68929,controllerreceive,284
5.69817,plantreceive,284
5.7,plantsend,285
5.70789,controllerreceive,285
5.71658,plantreceive,285
5.72,plantsend,286
5.72898,controllerreceive,286
5.73796,plantreceive,286
5.74,plantsend,287
5.74934,controllerreceive,287
5.75812,plantreceive,287
5.76,plantsend,288
5.76814,controllerreceive,288
5.777,plantreceive,288
5.78,plantsend,289
5.78859,controllerreceive,289
5.79747,plantreceive,289
5.8,plantsend,290
5.80776,controllerreceive,290
5.81664,plantreceive,290
5.82,plantsend,291
5.83032,controllerreceive,291
5.83896,plantreceive,291
5.84,plantsend,292
5.84755,controllerreceive,292
5.8563,plantreceive,292
5.86,plantsend,293
5.86868,controllerreceive,293
5.87752,plantreceive,293
5.88,plantsend,294
5.88836,controllerreceive,294
5.89711,plantreceive,294
5.9,plantsend,295
5.90742,controllerreceive,295
5.91624,plantreceive,295
5.92,plantsend,296
5.92735,controllerreceive,296
5.93601,plantreceive,296
5.94,plantsend,297
5.94943,controllerreceive,297
5.95625,plantreceive,297
5.96,plantsend,298
5.96799,controllerreceive,298
5.97678,plantreceive,298
5.98,plantsend,299
5.98828,controllerreceive,299
5.99718,plantreceive,299
6,plantsend,300
6.0085,controllerreceive,300
6.01722,plantreceive,300
6.02,plantsend,301
6.02825,controllerreceive,301
6.03708,plantreceive,301
6.04,plantsend,302
6.04917,controllerreceive,302
6.05786,plantreceive,302
6.06,plantsend,303
6.06818,controllerreceive,303
6.07716,plantreceive,303
6.08,plantsend,304
6.08811,controllerreceive,304
6.09689,plantreceive,304
6.1,plantsend,305
6.10867,controllerreceive,305
6.11751,plantreceive,305
6.12,plantsend,306
6.12764,controllerreceive,306
6.13652,plantreceive,306
6.14,plantsend,307
6.14837,controllerreceive,307
6.15738,plantreceive,307
6.16,plantsend,308
6.16801,controllerreceive,308
6.17491,plantreceive,308
6.18,plantsend,309
6.18953,controllerreceive,309
6.19821,plantreceive,309
6.2,plantsend,310
6.20822,controllerreceive,310
6.2171,plantreceive,310
6.22,plantsend,311
6.22913,controllerreceive,311
6.23798,plantreceive,311
6.24,plantsend,312
6.24808,controllerreceive,312
6.2569,plantreceive,312
6.26,plantsend,313
6.26967,controllerreceive,313
6.2786,plantreceive,313
6.28,plantsend,314
6.2885,controllerreceive,314
6.29737,plantreceive,314
6.3,plantsend,315
6.30962,controllerreceive,315
6.31853,plantreceive,315
6.32,plantsend,316
6.32916,controllerreceive,316
6.33608,plantreceive,316
6.34,plantsend,317
6.34877,controllerreceive,317
6.35747,plantreceive,317
6.36,plantsend,318
6.36935,controllerreceive,318
6.37812,plantreceive,318
6.38,plantsend,319
6.38886,controllerreceive,319
6.39756,plantreceive,319
6.4,plantsend,320
6.40951,controllerreceive,320
6.41833,plantreceive,320
6.42,plantsend,321
6.428,controllerreceive,321
6.43676,plantreceive,321
6.44,plantsend,322
6.44894,controllerreceive,322
6.45777,plantreceive,322
6.46,plantsend,323
6.46826,controllerreceive,323
6.47732,plantreceive,323
6.48,plantsend,324
6.48992,controllerreceive,324
6.49867,plantreceive,324
6.5,plantsend,325
6.50958,controllerreceive,325
6.5184,plantreceive,325
6.52,plantsend,326
6.52809,controllerreceive,326
6.53704,plantreceive,326
6.54,plantsend,327
6.54734,controllerreceive,327
6.55616,plantreceive,327
6.56,plantsend,328
6.57038,controllerreceive,328
6.57923,plantreceive,328
6.58,plantsend,329
6.58843,controllerreceive,329
6.59735,plantreceive,329
6.6,plantsend,330
6.60933,controllerreceive,330
6.61823,plantreceive,330
6.62,plantsend,331
6.62818,controllerreceive,331
6.63707,plantreceive,331
6.64,plantsend,332
6.65013,controllerreceive,332
6.65884,plantreceive,332
6.66,plantsend,333
6.66962,controllerreceive,333
6.67833,plantreceive,333
6.68,plantsend,334
6.69016,controllerreceive,334
6.69907,plantreceive,334
6.7,plantsend,335
6.70835,controllerreceive,335
6.71727,plantreceive,335
6.72,plantsend,336
6.72991,controllerreceive,336
6.73893,plantreceive,336
6.74,plantsend,337
6.74933,controllerreceive,337
6.75797,plantreceive,337
6.76,plantsend,338
6.76927,controllerreceive,338
6.7781,plantreceive,338
6.78,plantsend,339
6.78825,controllerreceive,339
6.79714,plantreceive,339
6.8,plantsend,340
6.80909,controllerreceive,340
6.818,plantreceive,340
6.82,plantsend,341
6.82794,controllerreceive,341
6.83681,plantreceive,341
6.84,plantsend,342
6.84841,controllerreceive,342
6.85731,plantreceive,342
6.86,plantsend,343
6.86777,controllerreceive,343
6.87658,plantreceive,343
6.88,plantsend,344
6.88957,controllerreceive,344
6.8986,plantreceive,344
6.9,plantsend,345
6.90814,controllerreceive,345
6.91692,plantreceive,345
6.92,plantsend,346
6.92821,controllerreceive,346
6.93687,plantreceive,346
6.94,plantsend,347
6.94953,controllerreceive,347
6.95834,plantreceive,347
6.96,plantsend,348
6.9697,controllerreceive,348
6.9786,plantreceive,348
6.98,plantsend,349
6.99006,controllerreceive,349
6.99895,plantreceive,349
7,plantsend,350
7.00968,controllerreceive,350
7.01858,plantreceive,350
7.02,plantsend,351
7.02771,controllerreceive,351
7.03642,plantreceive,351
7.04,plantsend,352
7.04981,controllerreceive,352
7.0586,plantreceive,352
7.06,plantsend,353
7.0681,controllerreceive,353
7.07712,plantreceive,353
7.08,plantsend,354
7.08811,controllerreceive,354
7.09701,plantreceive,354
7.1,plantsend,355
7.10803,controllerreceive,355
7.11674,plantreceive,355
7.12,plantsend,356
7.12981,controllerreceive,356
7.13867,plantreceive,356
7.14,plantsend,357
7.14811,controllerreceive,357
7.15697,plantreceive,357
7.16,plantsend,358
7.16795,controllerreceive,358
7.17686,plantreceive,358
7.18,plantsend,359
7.18788,controllerreceive,359
7.19676,plantreceive,359
7.2,plantsend,360
7.20817,controllerreceive,360
7.21708,plantreceive,360
7.22,plantsend,361
7.22754,controllerreceive,361
7.23437,plantreceive,361
7.24,plantsend,362
7.24738,controllerreceive,362
7.2563,plantreceive,362
7.26,plantsend,363
7.26837,controllerreceive,363
7.27719,plantreceive,363
7.28,plantsend,364
7.28923,controllerreceive,364
7.2981,plantreceive,364
7.3,plantsend,365
7.3093,controllerreceive,365
7.3181,plantreceive,365
7.32,plantsend,366
7.32995,controllerreceive,366
7.33885,plantreceive,366
7.34,plantsend,367
7.34946,controllerreceive,367
7.35851,plantreceive,367
7.36,plantsend,368
7.37025,controllerreceive,368
7.37911,plantreceive,368
7.38,plantsend,369
7.39016,controllerreceive,369
7.39901,plantreceive,369
7.4,plantsend,370
7.4077,controllerreceive,370
7.41667,plantreceive,370
7.42,plantsend,371
7.4296,controllerreceive,371
7.43839,plantreceive,371
7.44,plantsend,372
7.44757,controllerreceive,372
7.4563,plantreceive,372
7.46,plantsend,373
7.46784,controllerreceive,373
7.47688,plantreceive,373
7.48,plantsend,374
7.49109,controllerreceive,374
7.49998,plantreceive,374
7.5,plantsend,375
7.50886,controllerreceive,375
7.51779,plantreceive,375
7.52,plantsend,376
7.53027,controllerreceive,376
7.53898,plantreceive,376
7.54,plantsend,377
7.54852,controllerreceive,377
7.55719,plantreceive,377
7.56,plantsend,378
7.56818,controllerreceive,378
7.57707,plantreceive,378
7.58,plantsend,379
7.5882,controllerreceive,379
7.59704,plantreceive,379
7.6,plantsend,380
7.60994,controllerreceive,380
7.61888,plantreceive,380
7.62,plantsend,381
7.62847,controllerreceive,381
7.63738,plantreceive,381
7.64,plantsend,382
7.64777,controllerreceive,382
7.65658,plantreceive,382
7.66,plantsend,383
7.66921,controllerreceive,383
7.67812,plantreceive,383
7.68,plantsend,384
7.68962,controllerreceive,384
7.69842,plantreceive,384
7.7,plantsend,385
7.71022,controllerreceive,385
7.71908,plantreceive,385
7.72,plantsend,386
7.72831,controllerreceive,386
7.73732,plantreceive,386
7.74,plantsend,387
7.74899,controllerreceive,387
7.75785,plantreceive,387
7.76,plantsend,388
7.77007,controllerreceive,388
7.77884,plantreceive,388
7.78,plantsend,389
7.78823,controllerreceive,389
7.79713,plantreceive,389
7.8,plantsend,390
7.80979,controllerreceive,390
7.81872,plantreceive,390
7.82,plantsend,391
7.82866,controllerreceive,391
7.83762,plantreceive,391
7.84,plantsend,392
7.85022,controllerreceive,392
7.85901,plantreceive,392
7.86,plantsend,393
7.86944,controllerreceive,393
7.87824,plantreceive,393
7.88,plantsend,394
7.88884,controllerreceive,394
7.89788,plantreceive,394
7.9,plantsend,395
7.90837,controllerreceive,395
7.91729,plantreceive,395
7.92,plantsend,396
7.92973,controllerreceive,396
7.93839,plantreceive,396
7.94,plantsend,397
7.94984,controllerreceive,397
7.95852,plantreceive,397
7.96,plantsend,398
7.96928,controllerreceive,398
7.97619,plantreceive,398
7.98,plantsend,399
7.98841,controllerreceive,399
7.99731,plantreceive,399
8,plantsend,400
8.00773,controllerreceive,400
8.01656,plantreceive,400
8.02,plantsend,401
8.02982,controllerreceive,401
8.03872,plantreceive,401
8.04,plantsend,402
8.04824,controllerreceive,402
8.05709,plantreceive,402
8.06,plantsend,403
8.06809,controllerreceive,403
8.07695,plantreceive,403
8.08,plantsend,404
8.09166,controllerreceive,404
8.1,plantsend,405
8.10057,plantreceive,404
8.10768,controllerreceive,405
8.11655,plantreceive,405
8.12,plantsend,406
8.12818,controllerreceive,406
8.13701,plantreceive,406
8.14,plantsend,407
8.14719,controllerreceive,407
8.15598,plantreceive,407
8.16,plantsend,408
8.1683,controllerreceive,408
8.17713,plantreceive,408
8.18,plantsend,409
8.19218,controllerreceive,409
8.19905,plantreceive,409
8.2,plantsend,410
8.20815,controllerreceive,410
8.217,plantreceive,410
8.22,plantsend,411
8.22902,controllerreceive,411
8.23788,plantreceive,411
8.24,plantsend,412
8.24827,controllerreceive,412
8.25716,plantreceive,412
8.26,plantsend,413
8.26823,controllerreceive,413
8.27714,plantreceive,413
8.28,plantsend,414
8.28832,controllerreceive,414
8.29723,plantreceive,414
8.3,plantsend,415
8.30768,controllerreceive,415
8.31666,plantreceive,415
8.32,plantsend,416
8.32992,controllerreceive,416
8.3386,plantreceive,416
8.34,plantsend,417
8.34987,controllerreceive,417
8.35876,plantreceive,417
8.36,plantsend,418
8.36972,controllerreceive,418
8.37858,plantreceive,418
8.38,plantsend,419
8.38971,controllerreceive,419
8.39858,plantreceive,419
8.4,plantsend,420
8.40929,controllerreceive,420
8.41821,plantreceive,420
8.42,plantsend,421
8.4281,controllerreceive,421
8.43697,plantreceive,421
8.44,plantsend,422
8.44792,controllerreceive,422
8.45678,plantreceive,422
8.46,plantsend,423
8.4691,controllerreceive,423
8.47806,plantreceive,423
8.48,plantsend,424
8.48786,controllerreceive,424
8.49672,plantreceive,424
8.5,plantsend,425
8.50777,controllerreceive,425
8.51641,plantreceive,425
8.52,plantsend,426
8.52821,controllerreceive,426
8.53692,plantreceive,426
8.54,plantsend,427
8.55025,controllerreceive,427
8.55907,plantreceive,427
8.56,plantsend,428
8.56822,controllerreceive,428
8.57711,plantreceive,428
8.58,plantsend,429
8.58918,controllerreceive,429
8.598,plantreceive,429
8.6,plantsend,430
8.60808,controllerreceive,430
8.61714,plantreceive,430
8.62,plantsend,431
8.62989,controllerreceive,431
8.6387,plantreceive,431
8.64,plantsend,432
8.65004,controllerreceive,432
8.65887,plantreceive,432
8.66,plantsend,433
8.66778,controllerreceive,433
8.67644,plantreceive,433
8.68,plantsend,434
8.68741,controllerreceive,434
8.69644,plantreceive,434
8.7,plantsend,435
8.7079,controllerreceive,435
8.71695,plantreceive,435
8.72,plantsend,436
8.72956,controllerreceive,436
8.73846,plantreceive,436
8.74,plantsend,437
8.74951,controllerreceive,437
8.75837,plantreceive,437
8.76,plantsend,438
8.76832,controllerreceive,438
8.77715,plantreceive,438
8.78,plantsend,439
8.78748,controllerreceive,439
8.79616,plantreceive,439
8.8,plantsend,440
8.80974,controllerreceive,440
8.81859,plantreceive,440
8.82,plantsend,441
8.83016,controllerreceive,441
8.83884,plantreceive,441
8.84,plantsend,442
8.84972,controllerreceive,442
8.85874,plantreceive,442
8.86,plantsend,443
8.87316,controllerreceive,443
8.88,plantsend,444
8.88197,plantreceive,443
8.88837,controllerreceive,444
8.89725,plantreceive,444
8.9,plantsend,445
8.90957,controllerreceive,445
8.91845,plantreceive,445
8.92,plantsend,446
8.9279,controllerreceive,446
8.93669,plantreceive,446
8.94,plantsend,447
8.94807,controllerreceive,447
8.95678,plantreceive,447
8.96,plantsend,448
8.96993,controllerreceive,448
8.97858,plantreceive,448
8.98,plantsend,449
8.98806,controllerreceive,449
8.99697,plantreceive,449
9,plantsend,450
9.00798,controllerreceive,450
9.01662,plantreceive,450
9.02,plantsend,451
9.0295,controllerreceive,451
9.03819,plantreceive,451
9.04,plantsend,452
9.04922,controllerreceive,452
9.05802,plantreceive,452
9.06,plantsend,453
9.0678,controllerreceive,453
9.07683,plantreceive,453
9.08,plantsend,454
9.08999,controllerreceive,454
9.09884,plantreceive,454
9.1,plantsend,455
9.11017,controllerreceive,455
9.11916,plantreceive,455
9.12,plantsend,456
9.1283,controllerreceive,456
9.13717,plantreceive,456
9.14,plantsend,457
9.14965,controllerreceive,457
9.15857,plantreceive,457
9.16,plantsend,458
9.16984,controllerreceive,458
9.17851,plantreceive,458
9.18,plantsend,459
9.19021,controllerreceive,459
9.19913,plantreceive,459
9.2,plantsend,460
9.20776,controllerreceive,460
9.21656,plantreceive,460
9.22,plantsend,461
9.22794,controllerreceive,461
9.23658,plantreceive,461
9.24,plantsend,462
9.24961,controllerreceive,462
9.25841,plantreceive,462
9.26,plantsend,463
9.26975,controllerreceive,463
9.27881,plantreceive,463
9.28,plantsend,464
9.28809,controllerreceive,464
9.297,plantreceive,464
9.3,plantsend,465
9.3091,controllerreceive,465
9.31813,plantreceive,465
9.32,plantsend,466
9.32791,controllerreceive,466
9.33664,plantreceive,466
9.34,plantsend,467
9.34719,controllerreceive,467
9.3561,plantreceive,467
9.36,plantsend,468
9.36737,controllerreceive,468
9.37624,plantreceive,468
9.38,plantsend,469
9.3901,controllerreceive,469
9.39903,plantreceive,469
9.4,plantsend,470
9.40837,controllerreceive,470
9.41706,plantreceive,470
9.42,plantsend,471
9.43035,controllerreceive,471
9.43914,plantreceive,471
9.44,plantsend,472
9.44731,controllerreceive,472
9.45625,plantreceive,472
9.46,plantsend,473
9.46957,controllerreceive,473
9.47836,plantreceive,473
9.48,plantsend,474
9.48971,controllerreceive,474
9.49854,plantreceive,474
9.5,plantsend,475
9.50831,controllerreceive,475
9.5172,plantreceive,475
9.52,plantsend,476
9.52876,controllerreceive,476
9.5376,plantreceive,476
9.54,plantsend,477
9.54819,controllerreceive,477
9.55705,plantreceive,477
9.56,plantsend,478
9.5684,controllerreceive,478
9.57729,plantreceive,478
9.58,plantsend,479
9.58923,controllerreceive,479
9.59789,plantreceive,479
9.6,plantsend,480
9.6079,controllerreceive,480
9.61676,plantreceive,480
9.62,plantsend,481
9.62913,controllerreceive,481
9.63794,plantreceive,481
9.64,plantsend,482
9.64808,controllerreceive,482
9.65704,plantreceive,482
9.66,plantsend,483
9.66821,controllerreceive,483
9.67709,plantreceive,483
9.68,plantsend,484
9.68848,controllerreceive,484
9.69729,plantreceive,484
9.7,plantsend,485
9.70855,controllerreceive,485
9.71752,plantreceive,485
9.72,plantsend,486
9.73002,controllerreceive,486
9.7388,plantreceive,486
9.74,plantsend,487
9.74972,controllerreceive,487
9.75877,plantreceive,487
9.76,plantsend,488
9.77004,controllerreceive,488
9.77895,plantreceive,488
9.78,plantsend,489
9.78828,controllerreceive,489
9.79693,plantreceive,489
9.8,plantsend,490
9.80875,controllerreceive,490
9.81773,plantreceive,490
9.82,plantsend,491
9.82887,controllerreceive,491
9.83784,plantreceive,491
9.84,plantsend,492
9.84965,controllerreceive,492
9.8585,plantreceive,492
9.86,plantsend,493
9.86783,controllerreceive,493
9.87672,plantreceive,493
9.88,plantsend,494
9.88986,controllerreceive,494
9.89868,plantreceive,494
9.9,plantsend,495
9.91136,controllerreceive,495
9.92,plantsend,496
9.92016,plantreceive,495
9.92989,controllerreceive,496
9.93895,plantreceive,496
9.94,plantsend,497
9.94917,controllerreceive,497
9.95812,plantreceive,497
9.96,plantsend,498
9.9678,controllerreceive,498
9.97661,plantreceive,498
9.98,plantsend,499
9.98898,controllerreceive,499
9.99788,plantreceive,499
10,plantsend,500
10.009,controllerreceive,500
10.0179,plantreceive,500
10.02,plantsend,501
10.0284,controllerreceive,501
10.0353,plantreceive,501
10.04,plantsend,502
10.0494,controllerreceive,502
10.0582,plantreceive,502
10.06,plantsend,503
10.0685,controllerreceive,503
10.0771,plantreceive,503
10.08,plantsend,504
10.0881,controllerreceive,504
10.0972,plantreceive,504
10.1,plantsend,505
10.1094,controllerreceive,505
10.1183,plantreceive,505
10.12,plantsend,506
10.1281,controllerreceive,506
10.1369,plantreceive,506
10.14,plantsend,507
10.148,controllerreceive,507
10.1569,plantreceive,507
10.16,plantsend,508
10.1681,controllerreceive,508
10.1768,plantreceive,508
10.18,plantsend,509
10.1879,controllerreceive,509
10.1947,plantreceive,509
10.2,plantsend,510
10.2084,controllerreceive,510
10.2153,plantreceive,510
10.22,plantsend,511
10.2293,controllerreceive,511
10.2382,plantreceive,511
10.24,plantsend,512
10.2482,controllerreceive,512
10.257,plantreceive,512
10.26,plantsend,513
10.2683,controllerreceive,513
10.2753,plantreceive,513
10.28,plantsend,514
10.2895,controllerreceive,514
10.2985,plantreceive,514
10.3,plantsend,515
10.31,controllerreceive,515
10.3189,plantreceive,515
10.32,plantsend,516
10.3276,controllerreceive,516
10.3363,plantreceive,516
10.34,plantsend,517
10.3479,controllerreceive,517
10.3568,plantreceive,517
10.36,plantsend,518
10.3685,controllerreceive,518
10.3773,plantreceive,518
10.38,plantsend,519
10.3922,controllerreceive,519
10.4,plantsend,520
10.401,plantreceive,519
10.4121,controllerreceive,520
10.42,plantsend,521
10.4208,plantreceive,520
10.4298,controllerreceive,521
10.4388,plantreceive,521
10.44,plantsend,522
10.449,controllerreceive,522
10.4578,plantreceive,522
10.46,plantsend,523
10.4679,controllerreceive,523
10.4768,plantreceive,523
10.48,plantsend,524
10.4899,controllerreceive,524
10.4986,plantreceive,524
10.5,plantsend,525
10.5083,controllerreceive,525
10.5171,plantreceive,525
10.52,plantsend,526
10.5299,controllerreceive,526
10.5389,plantreceive,526
10.54,plantsend,527
10.5482,controllerreceive,527
10.5572,plantreceive,527
10.56,plantsend,528
10.5692,controllerreceive,528
10.578,plantreceive,528
10.58,plantsend,529
10.5901,controllerreceive,529
10.597,plantreceive,529
10.6,plantsend,530
10.61,controllerreceive,530
10.6189,plantreceive,530
10.62,plantsend,531
10.6276,controllerreceive,531
10.6365,plantreceive,531
10.64,plantsend,532
10.6475,controllerreceive,532
10.6564,plantreceive,532
10.66,plantsend,533
10.6683,controllerreceive,533
10.677,plantreceive,533
10.68,plantsend,534
10.6886,controllerreceive,534
10.6954,plantreceive,534
10.7,plantsend,535
10.7081,controllerreceive,535
10.7171,plantreceive,535
10.72,plantsend,536
10.7287,controllerreceive,536
10.7374,plantreceive,536
10.74,plantsend,537
10.7483,controllerreceive,537
10.7572,plantreceive,537
10.76,plantsend,538
10.7684,controllerreceive,538
10.7772,plantreceive,538
10.78,plantsend,539
10.7897,controllerreceive,539
10.7985,plantreceive,539
10.8,plantsend,540
10.8082,controllerreceive,540
10.8169,plantreceive,540
10.82,plantsend,541
10.8301,controllerreceive,541
10.8388,plantreceive,541
10.84,plantsend,542
10.8501,controllerreceive,542
10.859,plantreceive,542
10.86,plantsend,543
10.8678,controllerreceive,543
10.8767,plantreceive,543
10.88,plantsend,544
10.8896,controllerreceive,544
10.8985,plantreceive,544
10.9,plantsend,545
10.9087,controllerreceive,545
10.9177,plantreceive,545
10.92,plantsend,546
10.9277,controllerreceive,546
10.9367,plantreceive,546
10.94,plantsend,547
10.9487,controllerreceive,547
10.9576,plantreceive,547
10.96,plantsend,548
10.9692,controllerreceive,548
10.9778,plantreceive,548
10.98,plantsend,549
10.9891,controllerreceive,549
10.9978,plantreceive,549
11,plantsend,550
11.009,controllerreceive,550
11.0178,plantreceive,550
11.02,plantsend,551
11.0278,controllerreceive,551
11.0368,plantreceive,551
11.04,plantsend,552
11.0483,controllerreceive,552
11.0572,plantreceive,552
11.06,plantsend,553
11.0678,controllerreceive,553
11.0765,plantreceive,553
11.08,plantsend,554
11.0883,controllerreceive,554
11.0972,plantreceive,554
11.1,plantsend,555
11.1082,controllerreceive,555
11.117,plantreceive,555
11.12,plantsend,556
11.1293,controllerreceive,556
11.1384,plantreceive,556
11.14,plantsend,557
11.1482,controllerreceive,557
11.1569,plantreceive,557
11.16,plantsend,558
11.1679,controllerreceive,558
11.1766,plantreceive,558
11.18,plantsend,559
11.1891,controllerreceive,559
11.198,plantreceive,559
11.2,plantsend,560
11.208,controllerreceive,560
11.2169,plantreceive,560
11.22,plantsend,561
11.2282,controllerreceive,561
11.2372,plantreceive,561
11.24,plantsend,562
11.2483,controllerreceive,562
11.2571,plantreceive,562
11.26,plantsend,563
11.2682,controllerreceive,563
11.2771,plantreceive,563
11.28,plantsend,564
11.2898,controllerreceive,564
11.2986,plantreceive,564
11.3,plantsend,565
11.308,controllerreceive,565
11.3149,plantreceive,565
11.32,plantsend,566
11.3291,controllerreceive,566
11.338,plantreceive,566
11.34,plantsend,567
11.349,controllerreceive,567
11.3578,plantreceive,567
11.36,plantsend,568
11.3683,controllerreceive,568
11.3772,plantreceive,568
11.38,plantsend,569
11.3897,controllerreceive,569
11.3987,plantreceive,569
11.4,plantsend,570
11.41,controllerreceive,570
11.4188,plantreceive,570
11.42,plantsend,571
11.429,controllerreceive,571
11.4379,plantreceive,571
11.44,plantsend,572
11.4482,controllerreceive,572
11.4573,plantreceive,572
11.46,plantsend,573
11.4684,controllerreceive,573
11.4774,plantreceive,573
11.48,plantsend,574
11.4883,controllerreceive,574
11.4971,plantreceive,574
11.5,plantsend,575
11.5095,controllerreceive,575
11.5185,plantreceive,575
11.52,plantsend,576
11.5298,controllerreceive,576
11.5385,plantreceive,576
11.54,plantsend,577
11.5497,controllerreceive,577
11.5588,plantreceive,577
11.56,plantsend,578
11.5681,controllerreceive,578
11.5768,plantreceive,578
11.58,plantsend,579
11.5892,controllerreceive,579
11.5981,plantreceive,579
11.6,plantsend,580
11.6096,controllerreceive,580
11.6183,plantreceive,580
11.62,plantsend,581
11.6279,controllerreceive,581
11.6366,plantreceive,581
11.64,plantsend,582
11.6498,controllerreceive,582
11.6586,plantreceive,582
11.66,plantsend,583
11.6682,controllerreceive,583
11.6769,plantreceive,583
11.68,plantsend,584
11.6902,controllerreceive,584
11.6988,plantreceive,584
11.7,plantsend,585
11.7088,controllerreceive,585
11.7177,plantreceive,585
11.72,plantsend,586
11.7299,controllerreceive,586
11.7388,plantreceive,586
11.74,plantsend,587
11.7485,controllerreceive,587
11.7572,plantreceive,587
11.76,plantsend,588
11.7684,controllerreceive,588
11.7752,plantreceive,588
11.78,plantsend,589
11.7891,controllerreceive,589
11.798,plantreceive,589
11.8,plantsend,590
11.8097,controllerreceive,590
11.8186,plantreceive,590
11.82,plantsend,591
11.8296,controllerreceive,591
11.8385,plantreceive,591
11.84,plantsend,592
11.8483,controllerreceive,592
11.8571,plantreceive,592
11.86,plantsend,593
11.8693,controllerreceive,593
11.8781,plantreceive,593
11.88,plantsend,594
11.8889,controllerreceive,594
11.8978,plantreceive,594
11.9,plantsend,595
11.9096,controllerreceive,595
11.9184,plantreceive,595
11.92,plantsend,596
11.9293,controllerreceive,596
11.938,plantreceive,596
11.94,plantsend,597
11.9495,controllerreceive,597
11.9586,plantreceive,597
11.96,plantsend,598
11.969,controllerreceive,598
11.9777,plantreceive,598
11.98,plantsend,599
11.9898,controllerreceive,599
11.9985,plantreceive,599
12,plantsend,600
12.0078,controllerreceive,600
12.0166,plantreceive,600
12.02,plantsend,601
12.0282,controllerreceive,601
12.0371,plantreceive,601
12.04,plantsend,602
12.0488,controllerreceive,602
12.0578,plantreceive,602
12.06,plantsend,603
12.0695,controllerreceive,603
12.0784,plantreceive,603
12.08,plantsend,604
12.088,controllerreceive,604
12.0968,plantreceive,604
12.1,plantsend,605
12.1102,controllerreceive,605
12.119,plantreceive,605
12.12,plantsend,606
12.1296,controllerreceive,606
12.1385,plantreceive,606
12.14,plantsend,607
12.148,controllerreceive,607
12.1567,plantreceive,607
12.16,plantsend,608
12.1682,controllerreceive,608
12.177,plantreceive,608
12.18,plantsend,609
12.1885,controllerreceive,609
12.1972,plantreceive,609
12.2,plantsend,610
12.2095,controllerreceive,610
12.2181,plantreceive,610
12.22,plantsend,611
12.2294,controllerreceive,611
12.2383,plantreceive,611
12.24,plantsend,612
12.2488,controllerreceive,612
12.2578,plantreceive,612
12.26,plantsend,613
12.2695,controllerreceive,613
12.2784,plantreceive,613
12.28,plantsend,614
12.2893,controllerreceive,614
12.2981,plantreceive,614
12.3,plantsend,615
12.3082,controllerreceive,615
12.3171,plantreceive,615
12.32,plantsend,616
12.3282,controllerreceive,616
12.3368,plantreceive,616
12.34,plantsend,617
12.3496,controllerreceive,617
12.3584,plantreceive,617
12.36,plantsend,618
12.3693,controllerreceive,618
12.3781,plantreceive,618
12.38,plantsend,619
12.3893,controllerreceive,619
12.398,plantreceive,619
12.4,plantsend,620
12.409,controllerreceive,620
12.4178,plantreceive,620
12.42,plantsend,621
12.4271,controllerreceive,621
12.4359,plantreceive,621
12.44,plantsend,622
12.4483,controllerreceive,622
12.457,plantreceive,622
12.46,plantsend,623
12.4683,controllerreceive,623
12.4772,plantreceive,623
12.48,plantsend,624
12.4876,controllerreceive,624
12.4965,plantreceive,624
12.5,plantsend,625
12.5082,controllerreceive,625
12.5171,plantreceive,625
12.52,plantsend,626
12.5282,controllerreceive,626
12.5371,plantreceive,626
12.54,plantsend,627
12.5501,controllerreceive,627
12.5588,plantreceive,627
12.56,plantsend,628
12.5699,controllerreceive,628
12.5787,plantreceive,628
12.58,plantsend,629
12.592,controllerreceive,629
12.6,plantsend,630
12.6009,plantreceive,629
12.6092,controllerreceive,630
12.6179,plantreceive,630
12.62,plantsend,631
12.6299,controllerreceive,631
12.6386,plantreceive,631
12.64,plantsend,632
12.6519,controllerreceive,632
12.66,plantsend,633
12.6607,plantreceive,632
12.6698,controllerreceive,633
12.6787,plantreceive,633
12.68,plantsend,634
12.6882,controllerreceive,634
12.6971,plantreceive,634
12.7,plantsend,635
12.707,controllerreceive,635
12.7159,plantreceive,635
12.72,plantsend,636
12.7293,controllerreceive,636
12.7383,plantreceive,636
12.74,plantsend,637
12.7482,controllerreceive,637
12.7571,plantreceive,637
12.76,plantsend,638
12.7697,controllerreceive,638
12.7787,plantreceive,638
12.78,plantsend,639
12.7885,controllerreceive,639
12.7974,plantreceive,639
12.8,plantsend,640
12.8101,controllerreceive,640
12.8189,plantreceive,640
12.82,plantsend,641
12.8296,controllerreceive,641
12.8385,plantreceive,641
12.84,plantsend,642
12.8487,controllerreceive,642
12.8576,plantreceive,642
12.86,plantsend,643
12.8702,controllerreceive,643
12.879,plantreceive,643
12.88,plantsend,644
12.8883,controllerreceive,644
12.8971,plantreceive,644
12.9,plantsend,645
12.9082,controllerreceive,645
12.9172,plantreceive,645
12.92,plantsend,646
12.9294,controllerreceive,646
12.9383,plantreceive,646
12.94,plantsend,647
12.948,controllerreceive,647
12.957,plantreceive,647
12.96,plantsend,648
12.9698,controllerreceive,648
12.9786,plantreceive,648
12.98,plantsend,649
12.9882,controllerreceive,649
12.997,plantreceive,649
13,plantsend,650
13.0096,controllerreceive,650
13.0185,plantreceive,650
13.02,plantsend,651
13.0279,controllerreceive,651
13.0368,plantreceive,651
13.04,plantsend,652
13.0501,controllerreceive,652
13.0588,plantreceive,652
13.06,plantsend,653
13.068,controllerreceive,653
13.0767,plantreceive,653
13.08,plantsend,654
13.0894,controllerreceive,654
13.0982,plantreceive,654
13.1,plantsend,655
13.1079,controllerreceive,655
13.1167,plantreceive,655
13.12,plantsend,656
13.1296,controllerreceive,656
13.1386,plantreceive,656
13.14,plantsend,657
13.1483,controllerreceive,657
13.1572,plantreceive,657
13.16,plantsend,658
13.1677,controllerreceive,658
13.1766,plantreceive,658
13.18,plantsend,659
13.1877,controllerreceive,659
13.1967,plantreceive,659
13.2,plantsend,660
13.2089,controllerreceive,660
13.2178,plantreceive,660
13.22,plantsend,661
13.2276,controllerreceive,661
13.2364,plantreceive,661
13.24,plantsend,662
13.2479,controllerreceive,662
13.2566,plantreceive,662
13.26,plantsend,663
13.2699,controllerreceive,663
13.279,plantreceive,663
13.28,plantsend,664
13.29,controllerreceive,664
13.2989,plantreceive,664
13.3,plantsend,665
13.3091,controllerreceive,665
13.318,plantreceive,665
13.32,plantsend,666
13.3278,controllerreceive,666
13.3366,plantreceive,666
13.34,plantsend,667
13.349,controllerreceive,667
13.3578,plantreceive,667
13.36,plantsend,668
13.3704,controllerreceive,668
13.3792,plantreceive,668
13.38,plantsend,669
13.3882,controllerreceive,669
13.397,plantreceive,669
13.4,plantsend,670
13.4084,controllerreceive,670
13.4172,plantreceive,670
13.42,plantsend,671
13.428,controllerreceive,671
13.4371,plantreceive,671
13.44,plantsend,672
13.4489,controllerreceive,672
13.4578,plantreceive,672
13.46,plantsend,673
13.4679,controllerreceive,673
13.4767,plantreceive,673
13.48,plantsend,674
13.4901,controllerreceive,674
13.4988,plantreceive,674
13.5,plantsend,675
13.5106,controllerreceive,675
13.5194,plantreceive,675
13.52,plantsend,676
13.5302,controllerreceive,676
13.537,plantreceive,676
13.54,plantsend,677
13.5482,controllerreceive,677
13.5571,plantreceive,677
13.56,plantsend,678
13.5702,controllerreceive,678
13.5791,plantreceive,678
13.58,plantsend,679
13.5893,controllerreceive,679
13.5983,plantreceive,679
13.6,plantsend,680
13.6095,controllerreceive,680
13.6181,plantreceive,680
13.62,plantsend,681
13.6289,controllerreceive,681
13.6379,plantreceive,681
13.64,plantsend,682
13.6497,controllerreceive,682
13.6585,plantreceive,682
13.66,plantsend,683
13.67,controllerreceive,683
13.6788,plantreceive,683
13.68,plantsend,684
13.6882,controllerreceive,684
13.697,plantreceive,684
13.7,plantsend,685
13.7083,controllerreceive,685
13.7171,plantreceive,685
13.72,plantsend,686
13.7294,controllerreceive,686
13.7383,plantreceive,686
13.74,plantsend,687
13.7497,controllerreceive,687
13.7586,plantreceive,687
13.76,plantsend,688
13.7675,controllerreceive,688
13.7762,plantreceive,688
13.78,plantsend,689
13.7891,controllerreceive,689
13.798,plantreceive,689
13.8,plantsend,690
13.8076,controllerreceive,690
13.8163,plantreceive,690
13.82,plantsend,691
13.8282,controllerreceive,691
13.8372,plantreceive,691
13.84,plantsend,692
13.8481,controllerreceive,692
13.8568,plantreceive,692
13.86,plantsend,693
13.8696,controllerreceive,693
13.8785,plantreceive,693
13.88,plantsend,694
13.8884,controllerreceive,694
13.8971,plantreceive,694
13.9,plantsend,695
13.9098,controllerreceive,695
13.9187,plantreceive,695
13.92,plantsend,696
13.9281,controllerreceive,696
13.9369,plantreceive,696
13.94,plantsend,697
13.949,controllerreceive,697
13.958,plantreceive,697
13.96,plantsend,698
13.97,controllerreceive,698
13.9789,plantreceive,698
13.98,plantsend,699
13.9881,controllerreceive,699
13.9968,plantreceive,699
14,plantsend,700
14.0086,controllerreceive,700
14.0175,plantreceive,700
14.02,plantsend,701
14.0287,controllerreceive,701
14.0373,plantreceive,701
14.04,plantsend,702
14.0486,controllerreceive,702
14.0576,plantreceive,702
14.06,plantsend,703
14.0701,controllerreceive,703
14.079,plantreceive,703
14.08,plantsend,704
14.0933,controllerreceive,704
14.1,plantsend,705
14.1021,plantreceive,704
14.1103,controllerreceive,705
14.1191,plantreceive,705
14.12,plantsend,706
14.1299,controllerreceive,706
14.139,plantreceive,706
14.14,plantsend,707
14.1481,controllerreceive,707
14.1569,plantreceive,707
14.16,plantsend,708
14.1686,controllerreceive,708
14.1775,plantreceive,708
14.18,plantsend,709
14.188,controllerreceive,709
14.197,plantreceive,709
14.2,plantsend,710
14.2083,controllerreceive,710
14.217,plantreceive,710
14.22,plantsend,711
14.2291,controllerreceive,711
14.2379,plantreceive,711
14.24,plantsend,712
14.2497,controllerreceive,712
14.2585,plantreceive,712
14.26,plantsend,713
14.2678,controllerreceive,713
14.2765,plantreceive,713
14.28,plantsend,714
14.2883,controllerreceive,714
14.2971,plantreceive,714
14.3,plantsend,715
14.309,controllerreceive,715
14.318,plantreceive,715
14.32,plantsend,716
14.3284,controllerreceive,716
14.3373,plantreceive,716
14.34,plantsend,717
14.3494,controllerreceive,717
14.3582,plantreceive,717
14.36,plantsend,718
14.3678,controllerreceive,718
14.3766,plantreceive,718
14.38,plantsend,719
14.3903,controllerreceive,719
14.3992,plantreceive,719
14.4,plantsend,720
14.4098,controllerreceive,720
14.4186,plantreceive,720
14.42,plantsend,721
14.4284,controllerreceive,721
14.4372,plantreceive,721
14.44,plantsend,722
14.4493,controllerreceive,722
14.458,plantreceive,722
14.46,plantsend,723
14.4693,controllerreceive,723
14.4782,plantreceive,723
14.48,plantsend,724
14.4895,controllerreceive,724
14.4984,plantreceive,724
14.5,plantsend,725
14.5081,controllerreceive,725
14.517,plantreceive,725
14.52,plantsend,726
14.5287,controllerreceive,726
14.5375,plantreceive,726
14.54,plantsend,727
14.5499,controllerreceive,727
14.559,plantreceive,727
14.56,plantsend,728
14.5702,controllerreceive,728
14.579,plantreceive,728
14.58,plantsend,729
14.5882,controllerreceive,729
14.5971,plantreceive,729
14.6,plantsend,730
14.61,controllerreceive,730
14.6188,plantreceive,730
14.62,plantsend,731
14.63,controllerreceive,731
14.6386,plantreceive,731
14.64,plantsend,732
14.6498,controllerreceive,732
14.6586,plantreceive,732
14.66,plantsend,733
14.6691,controllerreceive,733
14.6781,plantreceive,733
14.68,plantsend,734
14.6895,controllerreceive,734
14.6983,plantreceive,734
14.7,plantsend,735
14.7097,controllerreceive,735
14.7186,plantreceive,735
14.72,plantsend,736
14.7278,controllerreceive,736
14.7367,plantreceive,736
14.74,plantsend,737
14.7479,controllerreceive,737
14.7565,plantreceive,737
14.76,plantsend,738
14.7694,controllerreceive,738
14.7782,plantreceive,738
14.78,plantsend,739
14.7896,controllerreceive,739
14.7984,plantreceive,739
14.8,plantsend,740
14.8091,controllerreceive,740
14.818,plantreceive,740
14.82,plantsend,741
14.8299,controllerreceive,741
14.8385,plantreceive,741
14.84,plantsend,742
14.8484,controllerreceive,742
14.8574,plantreceive,742
14.86,plantsend,743
14.8702,controllerreceive,743
14.879,plantreceive,743
14.88,plantsend,744
14.8882,controllerreceive,744
14.8973,plantreceive,744
14.9,plantsend,745
14.9098,controllerreceive,745
14.9187,plantreceive,745
14.92,plantsend,746
14.9301,controllerreceive,746
14.939,plantreceive,746
14.94,plantsend,747
14.9496,controllerreceive,747
14.9585,plantreceive,747
14.96,plantsend,748
14.9698,controllerreceive,748
14.9787,plantreceive,748
14.98,plantsend,749
14.9899,controllerreceive,749
14.9989,plantreceive,749
15,plantsend,750
15.0083,controllerreceive,750
15.0172,plantreceive,750
15.02,plantsend,751
15.0282,controllerreceive,751
15.0371,plantreceive,751
15.04,plantsend,752
15.0499,controllerreceive,752
15.0589,plantreceive,752
15.06,plantsend,753
15.068,controllerreceive,753
15.0767,plantreceive,753
15.08,plantsend,754
15.0903,controllerreceive,754
15.0992,plantreceive,754
15.1,plantsend,755
15.1093,controllerreceive,755
15.1182,plantreceive,755
15.12,plantsend,756
15.1293,controllerreceive,756
15.1382,plantreceive,756
15.14,plantsend,757
15.1501,controllerreceive,757
15.1588,plantreceive,757
15.16,plantsend,758
15.1682,controllerreceive,758
15.1773,plantreceive,758
15.18,plantsend,759
15.1892,controllerreceive,759
15.1981,plantreceive,759
15.2,plantsend,760
15.209,controllerreceive,760
15.2179,plantreceive,760
15.22,plantsend,761
15.2276,controllerreceive,761
15.2364,plantreceive,761
15.24,plantsend,762
15.2497,controllerreceive,762
15.2566,plantreceive,762
15.26,plantsend,763
15.2682,controllerreceive,763
15.2769,plantreceive,763
15.28,plantsend,764
15.2898,controllerreceive,764
15.2967,plantreceive,764
15.3,plantsend,765
15.3096,controllerreceive,765
15.3183,plantreceive,765
15.32,plantsend,766
15.3285,controllerreceive,766
15.3373,plantreceive,766
15.34,plantsend,767
15.3502,controllerreceive,767
15.359,plantreceive,767
15.36,plantsend,768
15.3682,controllerreceive,768
15.377,plantreceive,768
15.38,plantsend,769
15.3885,controllerreceive,769
15.3974,plantreceive,769
15.4,plantsend,770
15.4087,controllerreceive,770
15.4176,plantreceive,770
15.42,plantsend,771
15.4293,controllerreceive,771
15.4381,plantreceive,771
15.44,plantsend,772
15.4483,controllerreceive,772
15.4572,plantreceive,772
15.46,plantsend,773
15.4689,controllerreceive,773
15.4758,plantreceive,773
15.48,plantsend,774
15.4899,controllerreceive,774
15.4986,plantreceive,774
15.5,plantsend,775
15.5088,controllerreceive,775
15.5176,plantreceive,775
15.52,plantsend,776
15.5281,controllerreceive,776
15.537,plantreceive,776
15.54,plantsend,777
15.549,controllerreceive,777
15.5577,plantreceive,777
15.56,plantsend,778
15.5682,controllerreceive,778
15.5771,plantreceive,778
15.58,plantsend,779
15.5892,controllerreceive,779
15.598,plantreceive,779
15.6,plantsend,780
15.6101,controllerreceive,780
15.6189,plantreceive,780
15.62,plantsend,781
15.6281,controllerreceive,781
15.6368,plantreceive,781
15.64,plantsend,782
15.6477,controllerreceive,782
15.6566,plantreceive,782
15.66,plantsend,783
15.6684,controllerreceive,783
15.6773,plantreceive,783
15.68,plantsend,784
15.6896,controllerreceive,784
15.6984,plantreceive,784
15.7,plantsend,785
15.708,controllerreceive,785
15.7168,plantreceive,785
15.72,plantsend,786
15.7279,controllerreceive,786
15.7368,plantreceive,786
15.74,plantsend,787
15.7496,controllerreceive,787
15.7585,plantreceive,787
15.76,plantsend,788
15.7699,controllerreceive,788
15.7787,plantreceive,788
15.78,plantsend,789
15.79,controllerreceive,789
15.7986,plantreceive,789
15.8,plantsend,790
15.8096,controllerreceive,790
15.8185,plantreceive,790
15.82,plantsend,791
15.8297,controllerreceive,791
15.8386,plantreceive,791
15.84,plantsend,792
15.8482,controllerreceive,792
15.8569,plantreceive,792
15.86,plantsend,793
15.8677,controllerreceive,793
15.8764,plantreceive,793
15.88,plantsend,794
15.8881,controllerreceive,794
15.897,plantreceive,794
15.9,plantsend,795
15.9092,controllerreceive,795
15.9181,plantreceive,795
15.92,plantsend,796
15.9302,controllerreceive,796
15.9371,plantreceive,796
15.94,plantsend,797
15.9487,controllerreceive,797
15.9576,plantreceive,797
15.96,plantsend,798
15.9683,controllerreceive,798
15.9771,plantreceive,798
15.98,plantsend,799
15.9898,controllerreceive,799
15.9987,plantreceive,799
16,plantsend,800
16.0101,controllerreceive,800
16.019,plantreceive,800
16.02,plantsend,801
16.0284,controllerreceive,801
16.0353,plantreceive,801
16.04,plantsend,802
16.0478,controllerreceive,802
16.0565,plantreceive,802
16.06,plantsend,803
16.0695,controllerreceive,803
16.0783,plantreceive,803
16.08,plantsend,804
16.0892,controllerreceive,804
16.098,plantreceive,804
16.1,plantsend,805
16.1096,controllerreceive,805
16.1185,plantreceive,805
16.12,plantsend,806
16.1288,controllerreceive,806
16.1376,plantreceive,806
16.14,plantsend,807
16.1478,controllerreceive,807
16.1565,plantreceive,807
16.16,plantsend,808
16.1688,controllerreceive,808
16.1776,plantreceive,808
16.18,plantsend,809
16.1883,controllerreceive,809
16.1971,plantreceive,809
16.2,plantsend,810
16.2082,controllerreceive,810
16.2171,plantreceive,810
16.22,plantsend,811
16.2288,controllerreceive,811
16.2376,plantreceive,811
16.24,plantsend,812
16.2481,controllerreceive,812
16.2549,plantreceive,812
16.26,plantsend,813
16.2676,controllerreceive,813
16.2763,plantreceive,813
16.28,plantsend,814
16.2893,controllerreceive,814
16.2983,plantreceive,814
16.3,plantsend,815
16.3098,controllerreceive,815
16.3186,plantreceive,815
16.32,plantsend,816
16.3289,controllerreceive,816
16.3378,plantreceive,816
16.34,plantsend,817
16.348,controllerreceive,817
16.357,plantreceive,817
16.36,plantsend,818
16.3681,controllerreceive,818
16.3769,plantreceive,818
16.38,plantsend,819
16.3897,controllerreceive,819
16.3987,plantreceive,819
16.4,plantsend,820
16.4082,controllerreceive,820
16.417,plantreceive,820
16.42,plantsend,821
16.4299,controllerreceive,821
16.4388,plantreceive,821
16.44,plantsend,822
16.45,controllerreceive,822
16.4588,plantreceive,822
16.46,plantsend,823
16.4694,controllerreceive,823
16.4783,plantreceive,823
16.48,plantsend,824
16.4889,controllerreceive,824
16.4978,plantreceive,824
16.5,plantsend,825
16.5094,controllerreceive,825
16.5181,plantreceive,825
16.52,plantsend,826
16.529,controllerreceive,826
16.5378,plantreceive,826
16.54,plantsend,827
16.5489,controllerreceive,827
16.5577,plantreceive,827
16.56,plantsend,828
16.5684,controllerreceive,828
16.5772,plantreceive,828
16.58,plantsend,829
16.5889,controllerreceive,829
16.5977,plantreceive,829
16.6,plantsend,830
16.6078,controllerreceive,830
16.6166,plantreceive,830
16.62,plantsend,831
16.6276,controllerreceive,831
16.6363,plantreceive,831
16.64,plantsend,832
16.6484,controllerreceive,832
16.6572,plantreceive,832
16.66,plantsend,833
16.6697,controllerreceive,833
16.6785,plantreceive,833
16.68,plantsend,834
16.688,controllerreceive,834
16.6967,plantreceive,834
16.7,plantsend,835
16.7081,controllerreceive,835
16.717,plantreceive,835
16.72,plantsend,836
16.7299,controllerreceive,836
16.7386,plantreceive,836
16.74,plantsend,837
16.7495,controllerreceive,837
16.7582,plantreceive,837
16.76,plantsend,838
16.7701,controllerreceive,838
16.7788,plantreceive,838
16.78,plantsend,839
16.7881,controllerreceive,839
16.7969,plantreceive,839
16.8,plantsend,840
16.8095,controllerreceive,840
16.8184,plantreceive,840
16.82,plantsend,841
16.8268,controllerreceive,841
16.8357,plantreceive,841
16.84,plantsend,842
16.848,controllerreceive,842
16.8568,plantreceive,842
16.86,plantsend,843
16.8701,controllerreceive,843
16.8791,plantreceive,843
16.88,plantsend,844
16.889,controllerreceive,844
16.8977,plantreceive,844
16.9,plantsend,845
16.9076,controllerreceive,845
16.9165,plantreceive,845
16.92,plantsend,846
16.928,controllerreceive,846
16.9371,plantreceive,846
16.94,plantsend,847
16.9497,controllerreceive,847
16.9585,plantreceive,847
16.96,plantsend,848
16.9692,controllerreceive,848
16.9781,plantreceive,848
16.98,plantsend,849
16.9899,controllerreceive,849
16.9988,plantreceive,849
17,plantsend,850
17.009,controllerreceive,850
17.0179,plantreceive,850
17.02,plantsend,851
17.0277,controllerreceive,851
17.0366,plantreceive,851
17.04,plantsend,852
17.0494,controllerreceive,852
17.0582,plantreceive,852
17.06,plantsend,853
17.0676,controllerreceive,853
17.0766,plantreceive,853
17.08,plantsend,854
17.0891,controllerreceive,854
17.0978,plantreceive,854
17.1,plantsend,855
17.1078,controllerreceive,855
17.1165,plantreceive,855
17.12,plantsend,856
17.1276,controllerreceive,856
17.1365,plantreceive,856
17.14,plantsend,857
17.148,controllerreceive,857
17.1569,plantreceive,857
17.16,plantsend,858
17.1688,controllerreceive,858
17.1776,plantreceive,858
17.18,plantsend,859
17.188,controllerreceive,859
17.1969,plantreceive,859
17.2,plantsend,860
17.2086,controllerreceive,860
17.2177,plantreceive,860
17.22,plantsend,861
17.2278,controllerreceive,861
17.2347,plantreceive,861
17.24,plantsend,862
17.2483,controllerreceive,862
17.2573,plantreceive,862
17.26,plantsend,863
17.2687,controllerreceive,863
17.2775,plantreceive,863
17.28,plantsend,864
17.2882,controllerreceive,864
17.2971,plantreceive,864
17.3,plantsend,865
17.308,controllerreceive,865
17.3168,plantreceive,865
17.32,plantsend,866
17.3294,controllerreceive,866
17.3383,plantreceive,866
17.34,plantsend,867
17.3484,controllerreceive,867
17.3571,plantreceive,867
17.36,plantsend,868
17.3723,controllerreceive,868
17.38,plantsend,869
17.381,plantreceive,868
17.3892,controllerreceive,869
17.3981,plantreceive,869
17.4,plantsend,870
17.4084,controllerreceive,870
17.4173,plantreceive,870
17.42,plantsend,871
17.4292,controllerreceive,871
17.4362,plantreceive,871
17.44,plantsend,872
17.4477,controllerreceive,872
17.4565,plantreceive,872
17.46,plantsend,873
17.4683,controllerreceive,873
17.4751,plantreceive,873
17.48,plantsend,874
17.4882,controllerreceive,874
17.497,plantreceive,874
17.5,plantsend,875
17.5091,controllerreceive,875
17.5179,plantreceive,875
17.52,plantsend,876
17.5299,controllerreceive,876
17.5387,plantreceive,876
17.54,plantsend,877
17.5481,controllerreceive,877
17.5569,plantreceive,877
17.56,plantsend,878
17.569,controllerreceive,878
17.5779,plantreceive,878
17.58,plantsend,879
17.5881,controllerreceive,879
17.5971,plantreceive,879
17.6,plantsend,880
17.6091,controllerreceive,880
17.6181,plantreceive,880
17.62,plantsend,881
17.6277,controllerreceive,881
17.6366,plantreceive,881
17.64,plantsend,882
17.6497,controllerreceive,882
17.6585,plantreceive,882
17.66,plantsend,883
17.6702,controllerreceive,883
17.6791,plantreceive,883
17.68,plantsend,884
17.6899,controllerreceive,884
17.6987,plantreceive,884
17.7,plantsend,885
17.7082,controllerreceive,885
17.717,plantreceive,885
17.72,plantsend,886
17.7315,controllerreceive,886
17.74,plantsend,887
17.7402,plantreceive,886
17.7502,controllerreceive,887
17.7592,plantreceive,887
17.76,plantsend,888
17.768,controllerreceive,888
17.7768,plantreceive,888
17.78,plantsend,889
17.7897,controllerreceive,889
17.7986,plantreceive,889
17.8,plantsend,890
17.8093,controllerreceive,890
17.818,plantreceive,890
17.82,plantsend,891
17.8292,controllerreceive,891
17.8379,plantreceive,891
17.84,plantsend,892
17.8486,controllerreceive,892
17.8575,plantreceive,892
17.86,plantsend,893
17.8676,controllerreceive,893
17.8763,plantreceive,893
17.88,plantsend,894
17.8884,controllerreceive,894
17.8953,plantreceive,894
17.9,plantsend,895
17.9083,controllerreceive,895
17.9171,plantreceive,895
17.92,plantsend,896
17.9296,controllerreceive,896
17.9385,plantreceive,896
17.94,plantsend,897
17.9479,controllerreceive,897
17.9567,plantreceive,897
17.96,plantsend,898
17.9716,controllerreceive,898
17.98,plantsend,899
17.9804,plantreceive,898
17.9884,controllerreceive,899
17.9974,plantreceive,899
18,plantsend,900
18.0093,controllerreceive,900
18.0181,plantreceive,900
18.02,plantsend,901
18.0275,controllerreceive,901
18.0362,plantreceive,901
18.04,plantsend,902
18.0487,controllerreceive,902
18.0556,plantreceive,902
18.06,plantsend,903
18.07,controllerreceive,903
18.0789,plantreceive,903
18.08,plantsend,904
18.0895,controllerreceive,904
18.0986,plantreceive,904
18.1,plantsend,905
18.1085,controllerreceive,905
18.1174,plantreceive,905
18.12,plantsend,906
18.1285,controllerreceive,906
18.1373,plantreceive,906
18.14,plantsend,907
18.1483,controllerreceive,907
18.1571,plantreceive,907
18.16,plantsend,908
18.169,controllerreceive,908
18.178,plantreceive,908
18.18,plantsend,909
18.1883,controllerreceive,909
18.1971,plantreceive,909
18.2,plantsend,910
18.2097,controllerreceive,910
18.2185,plantreceive,910
18.22,plantsend,911
18.2294,controllerreceive,911
18.2381,plantreceive,911
18.24,plantsend,912
18.249,controllerreceive,912
18.2579,plantreceive,912
18.26,plantsend,913
18.2683,controllerreceive,913
18.2772,plantreceive,913
18.28,plantsend,914
18.2873,controllerreceive,914
18.296,plantreceive,914
18.3,plantsend,915
18.3101,controllerreceive,915
18.3189,plantreceive,915
18.32,plantsend,916
18.3281,controllerreceive,916
18.337,plantreceive,916
18.34,plantsend,917
18.3497,controllerreceive,917
18.3586,plantreceive,917
18.36,plantsend,918
18.3685,controllerreceive,918
18.3774,plantreceive,918
18.38,plantsend,919
18.3889,controllerreceive,919
18.3976,plantreceive,919
18.4,plantsend,920
18.4086,controllerreceive,920
18.4175,plantreceive,920
18.42,plantsend,921
18.4293,controllerreceive,921
18.4379,plantreceive,921
18.44,plantsend,922
18.4502,controllerreceive,922
18.4592,plantreceive,922
18.46,plantsend,923
18.47,controllerreceive,923
18.4788,plantreceive,923
18.48,plantsend,924
18.4923,controllerreceive,924
18.5,plantsend,925
18.5011,plantreceive,924
18.5093,controllerreceive,925
18.5181,plantreceive,925
18.52,plantsend,926
18.5288,controllerreceive,926
18.5377,plantreceive,926
18.54,plantsend,927
18.5486,controllerreceive,927
18.5574,plantreceive,927
18.56,plantsend,928
18.5682,controllerreceive,928
18.5769,plantreceive,928
18.58,plantsend,929
18.5875,controllerreceive,929
18.5962,plantreceive,929
18.6,plantsend,930
18.6077,controllerreceive,930
18.6166,plantreceive,930
18.62,plantsend,931
18.6291,controllerreceive,931
18.6379,plantreceive,931
18.64,plantsend,932
18.6481,controllerreceive,932
18.6551,plantreceive,932
18.66,plantsend,933
18.6683,controllerreceive,933
18.6771,plantreceive,933
18.68,plantsend,934
18.6883,controllerreceive,934
18.6971,plantreceive,934
18.7,plantsend,935
18.7083,controllerreceive,935
18.7171,plantreceive,935
18.72,plantsend,936
18.7283,controllerreceive,936
18.7372,plantreceive,936
18.74,plantsend,937
18.7482,controllerreceive,937
18.7571,plantreceive,937
18.76,plantsend,938
18.7692,controllerreceive,938
18.7782,plantreceive,938
18.78,plantsend,939
18.7877,controllerreceive,939
18.7966,plantreceive,939
18.8,plantsend,940
18.8098,controllerreceive,940
18.8168,plantreceive,940
18.82,plantsend,941
18.8289,controllerreceive,941
18.8378,plantreceive,941
18.84,plantsend,942
18.8478,controllerreceive,942
18.8566,plantreceive,942
18.86,plantsend,943
18.8679,controllerreceive,943
18.8769,plantreceive,943
18.88,plantsend,944
18.89,controllerreceive,944
18.8989,plantreceive,944
18.9,plantsend,945
18.9102,controllerreceive,945
18.9192,plantreceive,945
18.92,plantsend,946
18.9287,controllerreceive,946
18.9376,plantreceive,946
18.94,plantsend,947
18.9488,controllerreceive,947
18.9574,plantreceive,947
18.96,plantsend,948
18.9684,controllerreceive,948
18.9773,plantreceive,948
18.98,plantsend,949
18.9899,controllerreceive,949
18.9987,plantreceive,949
19,plantsend,950
19.0078,controllerreceive,950
19.0167,plantreceive,950
19.02,plantsend,951
19.0293,controllerreceive,951
19.0381,plantreceive,951
19.04,plantsend,952
19.0484,controllerreceive,952
19.0572,plantreceive,952
19.06,plantsend,953
19.0692,controllerreceive,953
19.0781,plantreceive,953
19.08,plantsend,954
19.0942,controllerreceive,954
19.1,plantsend,955
19.1031,plantreceive,954
19.1093,controllerreceive,955
19.1181,plantreceive,955
19.12,plantsend,956
19.1296,controllerreceive,956
19.1384,plantreceive,956
19.14,plantsend,957
19.1492,controllerreceive,957
19.1581,plantreceive,957
19.16,plantsend,958
19.1681,controllerreceive,958
19.1769,plantreceive,958
19.18,plantsend,959
19.1879,controllerreceive,959
19.1966,plantreceive,959
19.2,plantsend,960
19.2081,controllerreceive,960
19.2172,plantreceive,960
19.22,plantsend,961
19.2295,controllerreceive,961
19.2383,plantreceive,961
19.24,plantsend,962
19.2482,controllerreceive,962
19.2571,plantreceive,962
19.26,plantsend,963
19.2682,controllerreceive,963
19.2771,plantreceive,963
19.28,plantsend,964
19.2903,controllerreceive,964
19.2993,plantreceive,964
19.3,plantsend,965
19.3119,controllerreceive,965
19.32,plantsend,966
19.3208,plantreceive,965
19.3286,controllerreceive,966
19.3374,plantreceive,966
19.34,plantsend,967
19.3481,controllerreceive,967
19.355,plantreceive,967
19.36,plantsend,968
19.3678,controllerreceive,968
19.3767,plantreceive,968
19.38,plantsend,969
19.3883,controllerreceive,969
19.3971,plantreceive,969
19.4,plantsend,970
19.4083,controllerreceive,970
19.4172,plantreceive,970
19.42,plantsend,971
19.43,controllerreceive,971
19.4388,plantreceive,971
19.44,plantsend,972
19.4475,controllerreceive,972
19.4563,plantreceive,972
19.46,plantsend,973
19.4681,controllerreceive,973
19.4768,plantreceive,973
19.48,plantsend,974
19.4881,controllerreceive,974
19.497,plantreceive,974
19.5,plantsend,975
19.5083,controllerreceive,975
19.5171,plantreceive,975
19.52,plantsend,976
19.5294,controllerreceive,976
19.5383,plantreceive,976
19.54,plantsend,977
19.5489,controllerreceive,977
19.5578,plantreceive,977
19.56,plantsend,978
19.5679,controllerreceive,978
19.5768,plantreceive,978
19.58,plantsend,979
19.5886,controllerreceive,979
19.5976,plantreceive,979
19.6,plantsend,980
19.6079,controllerreceive,980
19.6168,plantreceive,980
19.62,plantsend,981
19.6296,controllerreceive,981
19.6385,plantreceive,981
19.64,plantsend,982
19.6483,controllerreceive,982
19.6571,plantreceive,982
19.66,plantsend,983
19.6684,controllerreceive,983
19.6772,plantreceive,983
19.68,plantsend,984
19.6902,controllerreceive,984
19.6991,plantreceive,984
19.7,plantsend,985
19.7093,controllerreceive,985
19.7182,plantreceive,985
19.72,plantsend,986
19.7302,controllerreceive,986
19.7391,plantreceive,986
19.74,plantsend,987
19.7501,controllerreceive,987
19.759,plantreceive,987
19.76,plantsend,988
19.7695,controllerreceive,988
19.7785,plantreceive,988
19.78,plantsend,989
19.7895,controllerreceive,989
19.7982,plantreceive,989
19.8,plantsend,990
19.8077,controllerreceive,990
19.8165,plantreceive,990
19.82,plantsend,991
19.8294,controllerreceive,991
19.8383,plantreceive,991
19.84,plantsend,992
19.8479,controllerreceive,992
19.8567,plantreceive,992
19.86,plantsend,993
19.8698,controllerreceive,993
19.8787,plantreceive,993
19.88,plantsend,994
19.8898,controllerreceive,994
19.8967,plantreceive,994
19.9,plantsend,995
19.9081,controllerreceive,995
19.9169,plantreceive,995
19.92,plantsend,996
19.9286,controllerreceive,996
19.9375,plantreceive,996
19.94,plantsend,997
19.9502,controllerreceive,997
19.959,plantreceive,997
19.96,plantsend,998
19.9719,controllerreceive,998
19.98,plantsend,999
19.9806,plantreceive,998
19.9898,controllerreceive,999
19.9988,plantreceive,999
20,plantsend,1000
